{"stats":{"minecraft:custom":{"minecraft:jump":83,"minecraft:time_since_rest":12249,"minecraft:damage_dealt":300,"minecraft:play_one_minute":12553,"minecraft:leave_game":2,"minecraft:sprint_one_cm":3770,"minecraft:time_since_death":12553,"minecraft:walk_on_water_one_cm":806,"minecraft:walk_one_cm":5662,"minecraft:sneak_time":74,"minecraft:walk_under_water_one_cm":419,"minecraft:mob_kills":3,"minecraft:fly_one_cm":195711},"minecraft:picked_up":{"minecraft:porkchop":6},"minecraft:killed":{"minecraft:pig":3},"minecraft:used":{"minecraft:pig_spawn_egg":4,"minecraft:diamond_sword":6,"minecraft:sand":1,"minecraft:grass_block":2}},"DataVersion":2580}